H,albedo,rot_per,spec_B
3.35,0.09,2.3099747223051574,C
4.11,0.155,2.1762530257808668,B
5.19,0.214,2.105352923464337,S
3.25,0.4228,1.8472143008269288,V
6.96,0.274,2.8795354791514796,S
5.61,0.2679,2.113178496476861,S
5.68,0.2766,2.096667322344904,S
5.65,0.0717,2.6965172852884858,C
6.73,0.191,2.6892342868445693,S
7.29,0.163,2.2679832962039708,L
6.91,0.049,2.0850507804443463,C
6.55,0.159,2.7743371927738982,S
5.43,0.248,1.9576975467714857,S
6.2,0.1203,1.647889098808353,X
7.92,0.193,2.5855420195060583,S
6.35,0.181,2.531313022602156,S
7.49,0.037,2.1333613836692664,C
6.54,0.241,2.2080546091478124,S
7.49,0.19,2.2154464351772822,X
6.79,0.166,1.63866656309423,X
7.09,0.2536,2.5886658840788526,S
7.22,0.067,2.2379398995005144,B
7.87,0.35,2.391886346214779,S
7.47,0.1966,2.6468837658647226,S
7.03,0.215,2.4343323950750664,S
7.21,0.1763,2.8157679363337147,S
5.98,0.216,1.8550628528972934,S
7.57,0.192,2.6868946590294187,S
6.84,0.053,1.8764069432883397,C
7.75,0.2564,2.3464105725340754,S
8.47,0.24,2.9759376462258116,S
8.75,0.023,2.5764217586237734,C
8.68,0.066,3.493472657771326,C
7.29,0.1826,2.120283536000094,S
8.52,0.055,2.6274184310766193,C
5.97,0.269,1.8144989561975444,S
6.56,0.22,2.2935443483418965,S
7.58,0.059,1.9441943922718101,C
7.7,0.139,2.6803363625346943,L
7.93,0.234,1.9113453232747952,S
6.75,0.482,2.0044485626384057,X
7.75,0.045,1.9019582615261306,C
8.52,0.046,3.092858984284714,X
8.15,0.082,2.651691467432826,B
7.11,0.065,2.556451816951096,C
7.99,0.048,3.0775426487515567,C
9.42,0.05,2.7288327402847385,C
7.72,0.1,2.1728180349349806,C
6.65,0.057,1.8916651342029174,C
7.95,0.059,2.0824370506596344,C
7.83,0.204,1.7585473350219414,X
8.51,0.057,2.952146045391068,X
6.93,0.2149,3.2704810705938727,S
9.03,0.044,2.388303968396583,C
8.08,0.044,2.685872756157507,B
8.64,0.373,3.266064707670659,S
7.73,0.203,2.5217206229107165,S
8.89,0.048,2.324473778251683,C
7.15,0.125,2.3319497016239494,S
7.72,0.483,2.2774723921789706,X
6.83,0.0706,1.9574716282706235,X
9.53,0.016,2.373517815086937,C
8.38,0.228,2.824528682493883,S
7.2,0.1402,1.895368451847075,X
8.16,0.038,2.821688362326125,C
7.23,0.3052,3.607235465073426,X
8.91,0.0431,2.9051508953227527,C
9.22,0.117,1.8495565679542718,X
8.0,0.058,2.3954377100086623,X
8.58,0.177,2.3029050418049657,X
8.4,0.0706,2.11614707518825,C
7.78,0.287,1.9427623427645824,S
8.05,0.206,2.710048203764883,S
8.68,0.045,2.48014533268629,C
8.26,0.167,2.638985898492688,S
8.73,0.05,2.4079356086018717,X
9.32,0.0527,3.2012005331881923,C
7.93,0.0666,2.063693184711697,B
6.93,0.046,1.8219653112851208,X
7.24,0.0671,1.9518922207328608,B
6.38,0.189,2.516647535572063,K
8.42,0.058,2.8627150344441796,C
9.12,0.048,1.9494752152198096,C
6.75,0.2509,2.8297367193588094,X
7.89,0.056,1.9433354086828443,C
7.71,0.0395,2.1065702090680882,C
7.97,0.058,2.2726412166209737,C
7.66,0.048,2.699211252435006,T
8.95,0.029,2.8610001603529494,C
9.46,0.065,2.951100949408397,X
7.75,0.205,3.334558879328944,S
8.39,0.1898,3.1813816204406202,S
9.44,0.051,3.20327475863955,C
7.74,0.217,3.208421366964342,S
8.52,0.052,2.3009838116270718,C
8.75,0.032,3.641525757730466,C
7.76,0.044,2.845490610223448,C
7.09,0.059,1.7654154938884532,X
7.98,0.148,2.724972868298118,S
8.98,0.036,2.6526079608524005,C
7.83,0.1808,2.478804737596532,X
8.21,0.062,3.1386197611025386,C
9.77,0.042,3.480193387888653,C
8.54,0.224,2.3933394562625097,S
8.45,0.089,2.4632658340581735,X
7.75,0.2747,2.1091216957812464,S
7.78,0.256,2.567100887413987,S
8.15,0.027,2.315205124350148,X
8.93,0.245,2.175376526253003,S
8.33,0.2306,2.524447824408533,S
7.78,0.058,3.8618028192644784,C
7.4,0.0482,1.8796604504025176,C
7.66,0.297,2.4583059679908215,L
8.97,0.261,2.386282652015612,S
8.05,0.128,2.38931309650387,S
8.93,0.182,1.6030173446311777,X
8.54,0.042,2.624581631860482,C
7.69,0.067,3.6871905286819744,C
7.02,0.151,1.7846005720295754,X
7.46,0.086,1.8285734423507713,C
10.04,0.246,1.8215124273774028,X
8.96,0.199,1.8194394850013644,X
8.03,0.279,2.6179796040123624,S
8.96,0.0364,2.9012017897077578,C
8.31,0.1436,2.24102878729494,X
9.75,0.201,2.5254806135511703,X
8.05,0.052,3.0906332787487107,X
8.45,0.0676,3.567982199306981,X
8.38,0.067,3.038312721089109,C
10.53,0.047,2.3762072328646595,B
9.32,0.044,3.135711583607432,X
8.05,0.0597,2.6959101412080413,C
8.4,0.061,2.7770164055669326,C
8.5,0.036,2.9733332786105118,C
8.72,0.0492,2.1807337931617083,C
7.58,0.164,3.0756518967298647,S
8.58,0.052,2.2120803485682057,C
9.32,0.233,2.3854545708163406,S
8.36,0.257,1.9804495924728855,S
7.73,0.0618,1.939963933877771,X
7.65,0.044,3.2666750220014737,C
8.81,0.03,3.1412169402959718,C
9.32,0.213,2.722478937754331,S
8.28,0.064,3.2377368325091194,C
9.1,0.0625,2.4876528754560256,C
9.3,0.23,2.1138429683971687,X
9.09,0.051,2.5547902355822703,C
9.77,0.033,2.841181513705393,C
8.77,0.029,2.6851226964585053,X
7.81,0.047,2.1072998698082324,C
9.88,0.046,1.743094297246774,X
9.37,0.223,2.644044871126298,S
8.27,0.056,3.871388493331963,C
9.54,0.188,2.743224276109864,S
9.32,0.282,2.647592232065096,S
8.63,0.076,2.0367101733817523,C
8.72,0.1382,3.346987557631997,L
7.92,0.096,1.9671123567059163,X
8.39,0.169,1.9086532206995543,S
8.61,0.094,2.232591721173511,C
8.42,0.065,2.5085987620447883,C
9.63,0.022,2.6984038240504047,C
9.49,0.2438,2.589491864978075,S
8.26,0.198,2.4992203844274594,S
10.31,0.242,3.2135014085307456,S
8.06,0.101,3.974622147184666,X
9.09,0.196,4.395534984698674,S
9.47,0.227,2.547098670044448,S
8.37,0.215,2.0070858794876956,X
7.62,0.062,3.1266289483557577,C
9.08,0.1929,3.0369701815702355,K
8.38,0.044,2.4570214462984645,C
9.31,0.242,2.563409711275944,S
9.37,0.17,3.1504256632304717,S
7.88,0.066,2.017699107844266,X
9.09,0.046,2.9233766113618507,C
7.21,0.327,2.68273239311792,S
9.78,0.343,2.0256451170741667,S
7.83,0.057,2.8141504430950364,C
9.23,0.051,2.8634001615049507,C
6.72,0.342,2.233663647527624,S
9.55,0.373,2.029252900096549,S
8.54,0.268,2.4317695513748716,S
8.52,0.107,1.8277859837922699,X
8.45,0.053,3.6479011973853783,C
8.56,0.04,1.5575970997647144,X
9.42,0.061,2.7670106939257195,C
8.92,0.057,2.495021983529093,C
10.25,0.058,3.4371435084356246,C
9.26,0.206,2.7137008726110246,S
8.3,0.028,1.9075553466074093,X
9.41,0.0436,2.037577337581137,C
7.97,0.062,2.9634673129667153,C
9.09,0.092,2.5681749189710104,B
9.31,1.0,2.058600875807984,X
7.03,0.1164,1.8539514894845026,X
7.71,0.166,2.4373781893355777,K
9.84,0.352,2.4970822257181338,S
12.27,0.2082,2.012767408411843,S
7.43,0.164,3.2190958006717496,S
8.42,0.094,3.029843803182759,K
9.11,0.205,3.313254662016655,L
8.19,0.156,2.5906171042101143,L
9.15,0.2108,3.408338489813522,S
8.04,0.039,2.2899961841536327,C
9.14,0.031,2.4479832956834024,C
7.73,0.0575,2.8039662579320366,B
9.51,0.222,1.713401452776127,X
10.07,0.262,1.7288196694541809,S
11.99,0.256,4.8714498521794365,S
7.96,0.228,2.733067964077498,S
8.62,0.193,2.8461876362739735,A
8.15,0.064,2.572077736245616,X
7.68,0.112,1.8008017972122838,X
10.35,0.0436,6.037154673025098,C
9.68,0.0545,2.81597741995735,C
8.25,0.1676,2.401615616457,S
7.81,0.043,2.2129885591822895,X
9.54,0.137,2.197446774870741,X
10.24,0.198,2.879703947493869,S
8.3,0.187,2.3250899483341154,S
8.72,0.027,2.640342218078133,C
10.23,0.051,2.157328080336907,D
9.7,0.061,3.530118161728995,L
10.85,0.128,1.5799679062500693,X
9.03,0.049,2.768392430108372,C
9.39,0.247,2.014502940520925,S
8.59,0.0412,3.214707147995981,X
12.05,0.226,1.6767226592396967,S
11.11,0.0502,3.9189986191645714,B
10.3,0.0602,2.2560174571777107,C
9.07,0.0508,2.795144907953144,C
9.86,0.175,7.065613363597717,S
9.72,0.889,2.067115891989199,A
10.04,0.171,2.4597597673660445,S
10.49,0.057,2.5842239418985415,C
10.03,0.047,2.963209081848431,X
8.76,0.201,2.275830355685226,S
8.17,0.047,2.567331134162769,T
10.19,0.115,2.570319527636131,S
8.95,0.23,2.4232085353177846,S
9.75,0.926,2.215828229067764,X
10.07,0.425,1.3535128715955111,S
9.15,0.089,2.922327899970578,X
10.02,0.214,1.9361483718533596,S
9.93,0.0447,3.2701391188057425,C
9.67,0.1719,2.1980464617189237,X
9.09,0.049,2.5690946002130257,B
9.94,0.054,2.687561738674874,X
8.96,0.135,1.7321863776931536,X
8.59,0.276,1.7242654738648393,X
9.4,0.198,1.9421889482534593,K
10.24,0.035,1.99047370661909,C
9.05,0.052,2.5930881826325285,C
7.31,0.332,3.385169620584958,S
9.58,0.0448,2.125991102332816,X
5.97,0.384,1.7406415980494447,R
10.1,0.195,2.138889000323256,S
10.93,0.392,1.3188128469568674,S
6.17,0.201,1.6633577544235307,S
10.28,0.341,1.763017000362401,S
9.13,0.05,3.9435216724875173,C
9.4,0.2621,1.8774783446305925,X
8.49,0.043,1.9717171230926644,C
9.03,0.059,2.240816066596414,X
9.21,0.05,2.617760729754749,C
8.66,0.091,2.6200565236315785,C
8.74,0.234,2.462925150473272,S
7.4,0.059,2.25831967669603,B
8.77,0.3014,2.074730461949717,S
7.48,0.037,2.884744845364363,X
9.56,0.321,2.167910189667444,S
9.11,0.06,2.538763322578711,C
9.81,0.339,1.6956156086751528,S
9.1,0.046,2.717406296026235,C
8.38,0.064,2.0244572333470763,C
10.04,0.04,2.0049873557548885,B
9.38,0.192,6.006106823844852,S
7.75,0.0692,2.376114326282161,C
7.49,0.19,3.2246192994952665,L
8.71,0.042,2.352897906867635,C
7.97,0.225,2.2510075476847136,S
10.85,0.29,3.3102144922835888,S
9.73,0.173,2.6431916287537134,C
8.37,0.022,3.6751607819729983,X
9.71,0.294,2.863913698933143,S
10.52,0.033,3.0292154043705395,C
10.11,0.126,2.731310894676762,X
9.35,0.139,2.8021475244813256,K
10.71,0.054,3.090951540134925,C
8.91,0.311,2.316093443018838,X
9.1,0.164,2.456507175266302,K
9.03,0.173,2.586485022150366,S
9.13,0.037,2.291220762914996,C
8.79,0.018,2.3933394562625097,C
7.66,0.054,2.304782676537533,X
8.43,0.043,3.5115454388310208,C
9.14,0.044,3.0269886632045453,C
10.04,0.129,2.819770450712618,X
9.62,0.027,2.4853232296732166,C
7.72,0.1689,1.8519133920478021,S
9.67,0.072,2.0836825359370903,X
7.38,0.067,1.7535382564078572,C
9.76,0.042,2.9180409658381192,C
9.08,0.055,2.6762154775821916,B
9.08,0.2338,2.2248397443691927,S
10.39,0.25,1.8357763546448294,S
11.2,0.726,3.314949349614265,X
8.65,0.204,2.4376403239869107,X
9.96,0.044,2.5549767186672407,C
10.14,0.21,3.034712573194875,S
8.06,0.051,1.9760235824813472,C
8.85,0.317,2.8178787203495443,A
10.56,0.137,2.0556610130144324,S
9.1,0.286,2.9591201550572586,S
9.75,0.191,3.127023659235167,L
10.74,0.262,5.1065513509260825,K
9.32,0.259,2.267890123197159,S
9.71,0.045,2.630376906373703,C
10.05,0.148,5.694405312843604,S
6.34,0.164,2.093467713412928,S
8.7,0.035,3.3439213138424253,X
10.26,0.246,3.016171952791447,S
7.93,0.174,2.839663087904102,L
9.81,0.071,2.3469846802907304,C
8.79,0.032,2.735146426763911,C
9.69,0.222,2.453587966530573,S
8.24,0.2072,2.922623801733353,S
8.66,0.059,2.189416394888408,C
9.0,0.037,2.762285829243884,C
9.28,0.065,3.723763855967438,C
11.75,0.193,6.9782137426306985,S
9.29,0.0585,3.685649242593651,C
10.13,0.239,2.1502494316903475,X
9.21,0.198,1.7415182527913082,X
8.39,0.253,2.588215061319696,S
6.41,0.076,1.8131458091094275,C
10.76,0.1772,1.8847943351952443,S
9.5,0.089,1.7561322915849038,K
10.93,0.039,2.4541037406329553,C
8.35,0.202,2.138205610210529,X
9.14,0.246,2.942436976495767,S
8.57,0.073,3.383678145443217,C
10.01,0.2512,2.400618833265411,X
10.41,0.039,3.7784916128036232,C
12.05,0.101,2.8739035651888574,B
5.92,0.285,2.3422864598455977,S
9.82,0.252,2.5379733707246928,S
9.64,0.213,2.340073537405037,S
10.23,0.052,2.701562534966656,C
10.25,0.055,3.4133894224275174,B
9.48,0.144,2.461126121122597,X
8.8,0.041,2.1041341542702074,C
9.99,0.101,2.3130303508555845,X
9.79,0.04,2.9132198519795267,C
12.39,0.287,2.6104373722352094,S
9.28,0.0496,2.6887178632026343,C
10.93,0.119,3.020815053921454,B
9.51,0.201,1.6663851928758506,S
9.54,0.05,2.403244576093223,X
10.94,0.062,3.4311768074033413,B
8.4,0.2477,1.900613874140137,S
10.45,0.05,2.290714920423558,X
10.04,0.0297,2.5332999098045734,C
8.88,0.069,2.210140802602766,T
11.77,0.298,4.846546505563361,S
10.9,0.089,1.8945717408681957,C
9.54,0.0769,2.403425407920117,X
8.01,0.1748,2.850128299695199,K
10.01,0.031,3.257865742159397,X
8.48,0.1987,1.8030290614862858,S
9.52,0.04,2.6858045921548905,C
9.68,0.155,2.1686536203481834,K
8.92,0.04,2.8242319553916198,T
9.32,0.2361,2.159130340581204,S
9.65,0.044,2.4757229416711826,X
8.68,0.115,2.357641298742124,K
10.27,0.227,1.9294322743531276,S
9.66,0.043,2.6803363625346943,C
9.58,0.09,1.8809296254871535,X
10.39,0.096,2.587388024694983,K
9.47,0.124,2.0765624009289927,L
11.03,0.094,1.7177540559175593,C
10.33,0.316,3.879768372698718,S
9.96,0.221,3.0918148822310356,S
9.22,0.032,3.0132283211707422,X
9.87,0.047,3.3634262839751567,X
10.07,0.14,1.5608777218187233,X
8.62,0.229,1.9313764735639716,S
9.96,0.203,2.543961412569315,S
9.9,0.043,2.5459547113529344,X
10.09,0.06,2.38663208051966,C
10.1,0.1617,2.222545718648287,L
12.88,0.345,2.4406934951116748,S
9.36,0.085,2.6018448842558817,K
8.6,0.027,3.4884448418930547,C
9.73,0.182,1.8773253575577018,K
12.12,0.042,3.1744640614973885,C
9.46,0.165,2.4019778368720806,S
10.33,0.028,2.2334493541591836,X
10.14,0.092,3.15016862685841,S
7.43,0.206,3.4651732445372505,S
9.65,0.313,2.8683533442241607,S
9.35,0.344,2.5349848729420636,X
9.14,0.11,2.246226359324661,K
11.63,0.079,2.127779222541754,X
10.96,0.068,2.9892110565637253,C
7.47,0.061,2.873971336528384,B
6.34,0.078,2.2749055238873033,B
8.47,0.031,4.001498011855749,C
11.12,0.081,3.1366674404754824,C
8.58,0.039,2.5449507109548466,X
9.08,0.048,2.3900738560168286,C
10.03,0.273,2.551786178627545,X
10.9,0.17,2.808679542384135,S
9.7,0.042,2.914901755639442,X
9.69,0.2029,2.294452109763857,S
10.15,0.352,1.8619072291301368,C
9.55,0.133,3.2669037938787824,L
9.73,0.209,2.2174628395772107,X
9.88,0.059,3.073850052817943,C
8.91,0.231,2.0826738122605013,S
8.85,0.051,3.2156706939192525,X
10.05,0.1391,3.2152733437180583,X
9.6,0.121,2.974457563275136,K
10.28,0.068,2.418588768750352,C
8.03,0.0503,2.3432086678304174,C
11.59,0.27,1.935484562428866,S
8.94,0.027,3.205912158476342,C
10.32,0.333,2.3841650799864684,L
9.29,0.042,2.5441185094198464,C
10.05,0.217,2.026001207208298,X
10.82,0.036,2.7232015048695537,X
10.17,0.095,2.2343276652877213,B
10.46,0.123,1.9303613186656832,X
9.13,0.048,2.0478734722121734,T
7.71,0.065,2.1596380836741127,C
7.96,0.157,2.5002877518263027,X
9.48,0.048,2.997730276216664,X
11.34,0.224,1.623892933403685,S
11.11,0.034,4.0347714706871995,C
9.3,0.086,2.6510564795820897,C
9.45,0.12,2.291342127047998,C
11.34,0.153,1.923956638839441,X
10.15,0.024,2.3194422100604686,X
10.2,0.196,2.1277554019583866,S
10.05,0.027,3.9589065913269965,C
9.31,0.209,2.216536888368592,X
10.4,0.287,1.7131310387706393,S
7.99,0.054,2.762853993142884,C
9.97,0.213,3.4541376523726495,S
8.74,0.054,3.6131047090502943,C
10.87,0.644,1.6902803002782012,X
12.02,0.277,4.215086179918229,S
11.86,0.025,5.47058858748849,C
10.22,0.087,5.5254529391317835,L
11.62,0.275,2.0719132752590443,S
11.74,0.166,1.9437077255001134,C
9.8,0.173,2.052314405540411,X
10.12,0.041,3.086121273281672,C
10.09,0.152,2.761717342351146,S
11.62,0.051,2.189528370701749,C
10.9,0.045,2.5710843460290524,C
10.04,0.116,2.340458745422127,X
9.91,0.291,2.1427683915401605,S
9.09,0.29,2.083421112672666,A
9.68,0.046,2.533696813957432,X
10.45,0.056,3.7404752027575867,C
11.77,0.216,4.814620410170298,S
10.12,0.165,1.9380219762063071,X
9.4,0.078,2.3026850879943788,C
8.3,0.071,2.3366966226228136,B
10.49,0.214,2.5128460184772416,S
11.64,0.205,3.2525040058481847,S
11.68,0.28,2.7237923080508177,S
9.92,0.032,3.155595178940458,X
10.7,0.087,2.745474429748209,L
10.49,0.057,2.50848482048041,C
9.41,0.039,7.195187320178709,C
12.02,0.282,1.7701952913122145,S
11.63,0.047,1.7971615185170497,C
9.58,0.0432,3.017346983526399,X
8.51,0.248,2.1838015570040787,S
11.68,0.272,1.4609750263964536,S
11.34,0.032,4.621633912018757,C
10.18,0.047,2.215500986086932,C
11.48,0.128,1.4793292270870801,X
9.98,0.239,2.1234584270966104,S
11.33,0.231,5.313205979041787,S
11.48,0.246,2.084677808475082,S
11.55,0.036,3.1075419486059968,X
10.19,0.029,3.3233079096674487,X
12.27,0.229,1.3289300437303198,S
10.08,0.046,2.362173884405703,C
10.2,0.098,2.1241997790216094,X
7.89,0.229,3.0500784032941044,L
9.56,0.421,1.9136820731848596,S
10.19,0.31,1.9387416595767009,S
12.51,0.057,2.847290268193714,C
11.4,0.145,5.955319100471629,K
11.95,0.083,1.892509372328198,X
9.44,0.048,2.503891949699081,X
11.88,0.308,1.935789103631242,S
11.07,0.052,2.1826747963214883,C
12.22,0.15,2.8914822521801917,S
9.01,0.045,2.576801914492256,B
10.4,0.125,1.5731887797589794,X
10.9,0.045,4.6732679903552885,C
12.48,1.0,1.5234441992671244,X
10.3,0.042,4.736198448394496,X
12.12,0.25,6.133398042996649,S
9.17,0.238,2.4245372037447916,S
11.64,0.053,3.5610460826040513,X
10.3,0.047,2.1947771403597405,C
13.03,0.328,1.308603053404019,S
10.89,0.201,1.8390564556702138,X
9.67,0.057,2.4388627112865935,C
11.88,0.301,1.3109510108161002,S
12.03,0.169,2.5566845284287005,S
11.71,0.292,2.7745867249024543,S
11.86,0.201,3.856510295497887,S
9.57,0.219,2.268511112660294,S
10.64,0.036,1.9194048230637248,X
12.19,0.041,2.1205834850110112,C
9.67,0.0767,2.947644362746936,C
11.33,0.173,1.3952788791913548,S
11.66,0.127,3.0978374964911444,X
10.54,0.206,2.097035850080787,X
9.34,0.229,1.8091736254818425,S
12.19,0.384,1.3957098955295835,X
12.33,0.033,1.8172160175874539,X
11.76,0.241,1.3026409761226372,S
9.53,0.066,2.2577550770762516,X
11.6,0.237,4.589040804058207,S
10.12,0.031,3.0777729838902004,X
11.91,0.432,1.5364542311054492,A
11.1,0.031,2.418410658499636,C
10.78,0.057,3.1973252708377564,X
9.94,0.16,2.3767644911682972,S
11.61,0.155,1.8962245841342484,S
10.24,0.064,2.020845329997894,K
11.17,0.203,1.4850984301784713,S
12.01,0.356,2.2049722641270453,X
11.43,0.031,1.6251340805404246,C
11.36,0.106,2.7746490982067002,X
12.16,0.37,1.5665304114228238,S
9.97,0.24,2.5714665359821094,S
11.61,0.051,2.712712648316454,X
11.68,0.273,1.5022089857162466,S
9.97,0.042,3.011014897085148,C
10.2,0.218,1.99047370661909,X
11.54,0.037,2.758426408427277,X
9.61,0.046,3.519868911379654,X
11.28,0.048,2.3850863145057892,X
11.22,0.202,2.6668809240641393,X
11.49,0.249,3.165896900077314,S
10.94,0.162,1.8597451670191494,K
9.91,0.282,2.5793755667390315,S
10.9,0.636,3.039749158970765,X
10.73,0.215,2.4541037406329553,S
10.28,0.028,2.9215473753646144,C
10.2,0.0459,2.099721995974981,X
9.63,0.041,3.5186840771178223,C
10.6,0.031,2.151683130365841,C
12.93,0.252,1.4075664963954304,S
11.3,0.063,2.615642471777055,C
10.95,0.195,5.241747015059643,S
10.19,0.069,2.3561258599220753,L
13.68,0.4598,1.3553195568204601,S
10.66,0.117,2.0320878452963655,C
11.62,0.031,6.338594078203183,C
11.52,0.111,2.1186622548331173,C
9.2,0.337,2.168802240184632,X
9.83,0.018,3.0204248861443626,X
13.19,0.321,1.2680174535288373,S
11.03,0.149,4.933034048072704,S
10.67,0.121,3.012097627640255,B
10.61,0.063,3.0037004432031678,L
10.66,0.232,2.809523170032844,S
11.08,0.136,2.757475084429733,C
11.14,0.265,2.2077248119700856,S
10.7,0.199,2.2126603854660587,S
10.17,0.035,4.318421011584911,X
11.19,0.149,2.8887037007954675,X
11.48,0.03,2.28949985344539,C
11.14,0.039,2.7880929087757464,L
11.45,0.155,1.8379112352491993,X
10.84,0.149,1.7270147046015354,S
13.49,0.061,2.269028309465203,C
11.56,0.072,1.8653196723360834,C
11.51,0.173,1.50585359617753,L
11.02,0.187,3.47044355439897,X
12.0,0.047,1.7564776550834151,X
10.93,0.338,2.5882902125616054,S
9.98,0.03,4.551030739887443,X
11.43,0.034,1.7573405423575958,C
10.27,0.038,2.871868286331605,X
11.76,0.251,5.372863456999634,S
11.33,0.1502,6.836259277277067,S
11.14,0.085,2.028148247292285,T
13.2,0.257,1.8180767775454285,S
12.01,0.237,5.481055503227208,S
10.83,0.015,2.5796333260539086,B
12.13,0.068,2.034313414062088,X
12.11,0.034,3.790894379520666,X
12.29,0.349,1.8484721355892073,S
11.49,0.034,3.845883202923601,X
11.72,0.118,1.9265816950355004,C
11.4,0.05,2.072291037650995,X
10.56,0.062,2.977313688029973,C
11.88,0.0754,2.190535589185423,C
11.22,0.142,2.828614550502309,B
11.56,0.14,2.6311691567662523,X
10.56,0.068,2.1419467470312332,D
11.8,0.097,2.9014215940827497,K
11.69,0.045,2.139630774610637,X
12.36,0.359,2.2762411176544437,S
11.89,0.257,4.01096295328305,S
11.55,0.249,3.9549100662305228,S
11.67,0.081,2.966457930849996,C
12.04,0.366,2.280339484046726,S
12.43,0.37,1.5150173368146085,S
12.76,0.239,2.5179383788331924,S
9.74,0.059,2.854997858480499,C
11.55,0.216,2.1939971525771464,S
12.03,0.211,3.3853389657276973,X
13.13,0.307,3.2676659890376327,S
11.99,0.262,4.808927023502111,S
12.67,0.321,1.4353463957601624,A
12.27,0.366,1.9344157696295783,S
10.97,0.05,2.0049873557548885,C
10.63,0.1038,2.1090003439213802,X
11.74,0.068,4.401951803481151,C
11.18,0.145,3.7986303180730556,S
15.26,0.29,1.8280978272558093,S
12.79,0.15,1.756995476791715,S
12.53,0.256,2.2210062060010176,S
12.94,0.179,4.177919485808005,S
10.99,0.219,1.926290362185661,S
11.63,0.122,1.6562642447856009,X
10.91,0.351,1.9538783187044901,S
11.61,0.599,2.7978909051019993,X
11.1,0.045,3.0660043265393226,B
9.99,0.271,1.7934247485471162,S
11.6,0.239,2.055276914680538,S
11.68,0.258,2.2807483983848713,S
12.74,0.382,1.4691178143190036,S
11.97,0.455,1.4511453334395068,S
11.22,0.3,1.4879480148463904,S
14.28,0.31,2.415869134447384,S
11.4,0.049,2.3268581053694364,C
12.56,0.042,1.8181904074529422,C
11.09,0.065,3.0979729275005385,L
13.31,0.089,3.2748780149834857,B
13.08,0.359,1.2779962014747215,S
12.31,0.044,2.49213049487732,X
12.03,0.044,2.526848017576172,C
11.51,0.037,2.6087453866915995,B
12.28,0.037,2.5420743228443414,C
12.57,0.246,1.773052241762359,S
12.11,0.192,1.5762946938408462,X
11.87,0.051,2.1005913004025705,C
12.7,0.341,1.6953586949417006,S
13.54,0.2005,1.8388974756854588,S
12.05,0.195,1.597304600610827,S
12.45,0.058,2.1606758468113525,C
12.68,0.032,1.8219491403911128,C
11.58,0.244,1.3443050188476287,S
12.15,0.055,3.0411835364579085,C
12.19,0.049,2.6572760701716014,C
9.86,0.044,3.145272340823566,C
12.69,0.178,1.9618537994524492,S
13.01,0.294,1.5054098420100528,S
11.49,0.233,1.990337066597015,K
12.57,0.309,5.735281141715572,S
12.66,0.274,1.2725627946671765,S
12.5,0.296,1.441729068007991,S
12.13,0.042,2.282535435188342,C
12.03,0.44,5.356114465274254,S
11.17,0.232,1.8896420950299224,X
11.17,0.242,1.5340676054093239,S
13.04,0.335,1.9397483469415042,S
12.33,0.333,1.4152947550533477,S
12.16,0.383,1.8583271801667258,L
11.68,0.152,1.4480947620253375,X
16.09,0.25,1.4024137429997738,Q
15.35,0.24,2.1345214079467905,S
14.83,0.273,2.258842170046127,S
16.77,0.22,2.054623608737197,S
12.48,0.15,1.2237754316221157,S
11.62,0.124,3.258096538021482,K
11.89,0.274,2.489313591606207,S
12.15,0.208,1.6054298910365616,X
10.53,0.071,7.492760300922379,K
11.11,0.581,1.8556727949717078,R
14.38,0.195,1.3053554186145386,S
12.91,0.393,1.3834653632763434,V
11.11,0.067,2.643049350884796,C
13.67,0.219,4.181989072074147,S
11.78,0.031,3.0277637443846546,C
15.68,0.17,1.3530555208369799,L
14.09,0.0895,1.8408035694069775,A
11.79,0.178,1.8251620075283808,S
12.39,0.051,2.5659565423881627,C
11.79,0.15,2.135467369942364,S
13.8,0.25,2.1097427866891296,S
12.57,0.192,4.88507207112091,C
12.26,0.126,1.9643112344262046,X
13.06,0.81,1.8698001742309183,X
12.43,0.496,1.316247362807856,S
11.86,0.175,2.717340248009303,S
13.12,0.257,1.5594069788285354,S
12.45,0.649,4.543294782270004,X
11.99,0.168,4.571268979139937,S
11.63,0.031,2.4307144207045734,C
12.15,0.249,5.073297055220967,V
11.94,0.251,2.5340142238950283,S
12.39,0.351,7.203405521083095,S
5.54,0.15,1.934126710514977,C
17.11,0.26,3.764682417529437,S
17.21,0.203,2.766570649914218,S
12.69,0.0549,1.6549847273900706,S
12.48,0.062,2.9530856988325183,X
13.02,0.154,1.5173226235262949,X
14.07,0.491,1.2620907576605844,S
13.0,0.404,2.011296524948153,S
11.94,0.131,5.383990348286186,L
12.53,0.571,4.37197629882038,X
13.12,0.284,1.961361586947346,S
12.86,0.35,4.1034694699991014,S
11.39,0.276,5.335613151291733,S
15.11,0.056,2.0072739933777735,C
16.24,0.13,3.0348087455357837,X
16.0,0.245,1.2190584417439767,Q
12.61,0.073,2.070615203909708,C
11.63,0.175,2.919822679453641,S
11.81,0.214,2.783157673589016,S
12.81,0.244,1.27194915933503,S
11.69,0.314,2.769508984712858,S
12.25,0.038,2.7156876282314215,C
10.85,0.047,1.9427623427645824,C
12.14,0.17,5.000248201209769,S
12.32,0.074,1.8022542063206966,C
12.29,0.379,1.9048797994973214,S
12.68,0.042,2.110455595209005,C
11.54,0.242,3.0950797470546894,S
13.13,0.344,1.7797121913173786,S
15.32,0.4328,3.295836866004329,S
12.16,0.0232,2.4895624613241942,X
12.52,0.284,2.8112082932048366,A
10.41,0.045,1.7904252462149184,D
11.68,0.059,1.8976198599275322,C
12.88,0.404,2.1330889379938407,S
12.02,0.049,1.5756742822812912,C
11.82,0.181,2.506341930508065,S
11.06,0.072,2.8981194446869907,T
13.4,0.27,3.1112906141882632,S
11.74,0.209,1.395452298904656,S
12.42,0.13,3.1219242987917504,X
11.97,0.177,2.3757426136117723,S
12.98,0.065,3.5263605246161616,C
13.25,0.074,2.9771608879685556,C
12.73,0.713,3.4974162394026984,C
12.46,0.227,1.3935182062092102,C
11.43,0.206,2.264052143277262,X
11.73,0.213,4.152613470346076,S
11.95,0.171,2.63605282059496,L
12.16,0.293,1.9864665082976416,S
12.61,0.348,2.0014800002101243,R
12.48,0.236,2.3456445824544927,S
11.14,0.057,2.5552097736304242,C
13.01,0.319,2.5044641490035313,S
11.93,0.113,2.7778871606909896,B
11.71,0.284,1.9307094878794364,S
12.28,0.044,2.5135750881356853,X
11.62,0.368,3.3021134234382563,S
12.87,0.291,2.2096690449677254,S
12.9,0.213,1.423855043337774,S
13.54,0.33,4.947269418474436,A
11.61,0.116,3.6231936083844807,C
12.06,0.238,4.859812404361672,S
13.04,0.468,1.441492521584653,S
11.97,0.05,2.93651291389402,C
13.22,0.079,1.5288784045756834,B
11.02,0.055,2.403244576093223,L
11.87,0.288,3.8918202981106265,S
12.07,0.142,1.3425253199871843,C
12.76,0.283,2.926167810168082,S
13.24,0.346,1.8118888405232207,V
12.23,0.252,3.2915685102616417,S
12.81,0.124,3.951493687336635,S
11.96,0.281,1.5703643884479621,A
12.0,0.301,2.2760357577605093,S
11.76,0.273,1.7894234094305073,X
13.28,0.293,2.928523523860541,V
12.93,0.041,2.928523523860541,C
12.76,0.287,1.6378309869353183,V
13.31,0.05,1.9604468347462058,B
12.07,0.099,2.42559886888919,X
12.45,0.264,1.6957990780821437,V
11.99,0.159,2.3775534092313513,X
11.06,0.072,2.5650262775800314,D
12.84,0.392,2.2622837962205202,S
13.58,0.526,1.5338497684432548,V
10.72,0.1337,2.108757596013889,X
13.3,0.049,3.4607296423634897,C
13.06,0.0552,3.4339872044851463,S
11.96,0.175,2.2238232313535646,X
15.15,0.066,4.821659647871396,B
12.94,0.257,1.4187615512573921,S
12.38,0.256,1.8753037316049852,V
11.75,0.05,1.964591700000894,B
12.36,0.213,6.966967138613983,S
12.47,0.12,1.6530910953555034,X
12.96,0.596,1.2914890538459787,V
12.18,0.084,1.8429277558024546,B
13.16,0.259,1.8336049398179495,S
11.65,0.204,3.544431549748063,A
11.84,0.162,1.9578387199205871,C
12.02,0.305,2.6116861328191265,A
13.04,0.221,4.545738602218665,L
13.25,0.848,2.4595888418037104,X
11.93,0.236,2.5769539363837013,S
13.42,0.373,1.4314589130742643,S
12.55,0.21,2.1524352325383918,S
13.39,0.228,5.303304908059076,S
12.97,0.646,1.8397556674963105,C
12.37,0.412,2.174751721484161,V
14.0,0.073,5.4638318050256105,B
13.46,0.044,1.4953729561461278,C
12.48,0.247,2.8542263112598114,S
13.07,0.353,3.7223625849304844,V
13.04,0.057,2.286455711064162,C
13.68,0.037,2.1881838326840706,B
10.93,0.044,2.9565235603287103,T
12.09,0.042,4.3983305013804115,B
14.21,0.284,1.5348208260883545,S
12.3,0.324,1.5557417334302395,S
12.01,0.237,2.6239436918052106,S
12.67,0.231,4.6631937810064,S
12.86,0.149,2.178155014615869,L
12.43,0.358,1.858483101270963,V
12.84,0.097,1.784521672791416,C
13.3,0.105,1.5076266462874155,S
12.65,0.169,1.8924038815321722,T
12.9,0.07,5.476881874464279,X
12.3,0.15,2.453071926267982,D
13.05,0.272,1.309305319591755,S
13.02,0.251,4.88507207112091,S
12.43,0.282,1.8913030995643165,S
12.05,0.115,2.9816333491744893,X
13.15,0.241,1.4996475996968883,S
10.28,0.03,2.70805020110221,C
14.08,0.247,3.4339872044851463,S
10.49,0.051,2.6386072283348736,X
11.88,0.358,1.6488509147909354,S
12.86,0.456,1.903712208355127,V
13.82,0.097,1.5392729257169713,C
11.82,0.155,1.4182774069729414,T
11.75,0.11,2.430855169134581,C
14.34,0.101,1.449269160281279,C
11.83,0.257,1.987120639529813,S
13.46,0.315,3.6131559469167067,S
12.37,0.292,1.4816045409242156,S
11.0,0.211,2.056569458419847,K
13.18,0.05,3.2188758248682006,B
12.6,0.179,1.9820216379722526,S
11.9,0.216,3.4175299429497152,S
12.25,0.067,2.6267678364825215,X
13.92,0.115,2.1428857142363706,B
12.8,0.147,1.640071864650059,X
12.38,0.178,4.846130079514215,S
10.86,0.1417,1.7623306585372427,K
11.79,0.044,2.5528767762272673,C
13.89,0.479,1.7080154757950943,S
13.25,0.218,1.335698192105025,S
12.4,0.066,2.134462255599904,C
13.27,0.209,1.7574957830240625,S
13.2,0.124,3.7817594105889647,C
12.82,0.044,3.3446270301737613,C
15.3,0.64,1.9036436593731272,X
13.45,0.313,1.6180011430945882,S
14.08,0.231,1.2113753378426773,S
11.61,0.237,3.0181784623838213,S
12.85,0.96,2.0153029405635916,X
12.58,0.304,1.9561998848217972,S
12.07,0.071,1.8536382062739203,C
13.91,0.283,1.425515074273172,C
11.6,0.132,1.9617834982116034,C
14.99,0.42,1.391530627915137,S
14.38,0.1066,1.5269254908596361,B
13.46,0.25,3.3666059368925363,S
11.69,0.136,2.4082055748577296,X
11.72,0.045,3.5277419229871114,X
11.01,0.05,2.0379552640724174,D
13.61,0.184,1.7142873575176059,S
11.33,0.073,2.030776369698555,T
13.56,0.341,1.37277843106637,S
11.25,0.151,2.9802124618959542,X
14.34,0.132,1.7855737101409688,L
15.34,0.22,4.330733340286331,K
13.11,0.282,2.118782439918293,S
13.99,0.444,1.7752912765207476,V
13.73,0.408,1.2539337114797062,S
13.09,0.221,1.8658769651459495,S
8.41,0.055,2.08954037635725,T
12.27,0.041,5.236441962829949,C
12.23,0.319,1.3917544277892513,S
13.73,0.183,2.1499000053283974,S
12.51,0.101,2.3608540011180215,X
14.11,0.125,1.4482435171182118,C
12.5,0.212,2.1878474155236223,S
12.47,0.318,1.3760192525321433,S
12.66,0.045,2.144643904925469,C
13.26,0.271,2.118782439918293,S
11.88,0.207,2.959742335820836,S
12.35,0.307,1.653665302009109,S
12.07,0.224,2.1132389212631266,X
13.67,0.25,1.8670833685093422,S
13.41,0.212,2.7356653681351832,C
13.26,0.132,1.4904291258518982,T
8.42,0.044,2.1635528842984884,X
12.7,0.245,1.5803180138602484,S
12.92,0.171,2.3243465847755584,S
12.32,0.303,2.3885792861609065,S
13.34,0.281,1.9617834982116034,S
11.58,0.096,1.6012041075069967,C
12.2,0.3,1.9779485375484989,S
12.98,0.208,5.7745515455444085,S
12.4,0.229,1.9769934474690447,S
14.11,0.197,1.9154509415706047,V
12.42,0.234,1.5589863689380021,S
13.03,0.03,2.0366645123237777,D
12.79,0.05,2.8065673542780285,C
13.14,0.056,1.8892339718617566,B
13.18,0.047,2.2159372862683733,X
12.22,0.12,1.9907469306645056,X
13.05,0.194,1.46840416165338,S
13.85,0.224,1.2669588710294792,S
13.11,0.044,3.4945389583716358,C
13.78,0.055,3.0106208860477417,B
12.9,0.359,1.4668161847682666,O
12.61,0.239,1.4502311387461444,S
11.22,0.071,2.740259210124226,C
12.5,0.059,1.728642159912577,C
11.65,0.069,3.1258390588992064,B
13.34,0.238,1.3178281366443394,S
12.39,0.065,2.0784410413462524,X
16.5,0.16,1.3097642271299412,C
12.02,0.309,2.5079230615904575,S
12.84,0.253,1.6455769590499736,S
14.02,0.0504,2.5572273113676265,C
12.52,0.059,2.045626193185105,X
11.78,0.046,4.079569276639947,C
14.93,0.515,5.428468051013081,X
12.63,0.233,2.7335229970752413,S
12.66,0.243,2.3701502791564697,X
12.7,0.131,2.198756736314296,C
11.69,0.325,2.336116576202838,S
11.72,0.189,2.066862759472976,K
11.9,0.051,1.731478538343125,X
12.6,0.288,1.4168235661547137,S
13.18,0.046,1.962626787088001,C
15.42,0.365,3.343211566796835,Q
12.04,0.0297,2.220615530126795,X
13.6,0.507,4.036379941131463,X
11.59,0.326,2.0256451170741667,S
12.95,0.036,3.2286677273306696,C
12.8,0.418,1.5769147207285403,V
12.34,0.32,2.968720724307141,S
13.4,0.289,1.367977629333993,S
12.07,0.097,1.9579459981863956,C
15.2,0.657,1.1730701995861195,S
12.76,0.285,1.9035989509835904,S
13.68,0.324,2.5877640352277083,S
12.07,0.358,1.547562508716013,S
13.49,0.257,1.7083778602890038,S
12.2,0.0393,1.7453664296583444,C
13.55,0.211,1.7544036826842861,S
13.44,0.294,1.5249687558076506,S
11.82,0.168,2.6623552418400807,L
13.19,0.398,1.3291947690793178,V
12.79,0.229,6.296077480219744,S
11.71,0.172,1.9620646735262635,S
12.42,0.29,2.558002204858551,S
13.09,0.349,2.2703263291342783,S
12.95,0.088,3.0452840523832387,X
12.89,0.419,1.2465149185916051,S
12.98,0.055,1.9173636913629237,C
13.39,0.413,1.8341801851120072,V
12.13,0.294,3.3792789175611326,S
17.45,0.23,1.6912040572132945,V
13.11,0.339,1.7004114297687496,S
12.33,0.61,2.5091682752077995,X
11.41,0.058,1.8797703465507682,C
11.77,0.046,2.8148816344300327,X
11.61,0.106,1.667329390849878,X
13.75,0.256,1.9007633398006798,S
18.5,0.52,3.8155121050473024,O
13.12,0.11,6.556001065509558,C
12.71,0.352,1.6208796059005262,S
12.9,0.473,1.327594760261113,S
14.9,0.31,2.137120653266514,V
13.48,0.384,1.6106371930095824,S
13.6,0.029,1.6166756566574048,C
12.89,0.277,1.567619588409068,S
12.2,0.169,3.151495937536888,C
13.84,0.245,3.6672216069611334,S
12.48,0.03,2.44746435431213,C
13.15,0.348,5.6240175061873385,A
12.44,0.091,2.5661025384465286,C
12.52,0.0695,2.9377429263492196,C
15.29,0.405,5.176149732573829,S
12.3,0.215,1.390759378079049,S
14.18,0.097,1.5172129683915831,S
12.97,0.338,1.27592130363852,V
12.23,0.097,2.9835078589312682,C
14.97,0.37,1.51248638635765,S
12.86,0.412,2.6100697927420065,V
12.37,0.209,1.5837508054981155,S
13.2,0.056,1.9062630593021614,C
12.93,0.119,1.3372879235650559,S
14.91,0.087,1.4444099556051386,C
13.49,0.262,6.231628427340911,S
13.42,0.128,1.6210502277622663,C
13.53,0.269,1.8708786736806542,S
12.36,0.038,1.9669724867847147,C
13.38,1.0,1.630220451616629,C
12.91,0.256,3.295836866004329,S
11.83,0.097,4.84860252091515,S
12.9,0.2306,1.4574515554362186,X
12.76,0.155,2.145463337221833,S
16.08,0.054,1.982655272992144,O
12.79,0.058,2.127278871093996,C
11.71,0.29,3.1326728483076036,S
12.37,0.183,1.6918654664074115,X
12.22,0.12,3.4523023249794234,X
13.36,0.388,1.7056095392681825,S
12.83,0.263,1.876376314947934,S
13.46,0.043,2.6566165459873603,C
12.19,0.36,1.4293059567131383,S
12.76,0.118,2.079691510435043,S
11.95,0.056,2.751939486671931,X
13.39,0.35,1.35247901262516,S
11.44,0.136,3.731220294603461,X
13.07,0.31,1.358409157630355,S
13.71,0.389,1.370164979190007,S
12.08,0.265,3.1406980438041767,S
12.88,0.064,2.5373409596364214,C
13.88,0.54,2.213644583697398,S
11.93,0.039,2.1636677938073765,X
14.04,0.179,3.2378938307039626,X
12.8,0.29,5.161351511474879,S
13.43,0.952,5.457029057702858,S
13.33,0.091,2.896033477846873,C
13.39,0.224,1.603077729281418,L
12.07,0.278,1.5594069788285354,S
11.23,0.224,2.3041838143577427,S
11.52,0.207,3.3072529354856135,S
13.59,0.331,1.5882142759824736,S
18.75,0.55,2.783460657987637,X
13.88,0.177,4.05560373390567,S
13.82,0.699,2.3775997967994913,B
13.75,0.244,1.2748039850865274,S
12.67,0.35,1.641711472984396,S
13.23,0.381,1.8243879887197822,A
13.61,0.485,3.8575668196320874,S
12.78,0.164,2.4380770624312023,C
13.8,0.423,1.9286186519452522,S
12.11,0.092,1.6113161474458728,D
11.91,0.349,3.708191765146309,S
14.1,0.069,3.6712245188752153,X
12.84,0.213,4.537394430657536,S
13.16,0.584,1.5210437616715051,S
13.44,0.514,1.3667801922155882,X
12.25,0.129,2.6871669901857858,C
13.83,0.446,3.2051824977361982,S
13.91,0.454,1.5871923034867808,S
13.08,0.143,1.8243879887197822,X
13.24,0.202,1.4770487243883548,X
12.67,0.337,1.31458351356589,S
13.31,0.182,1.3956331188617275,X
13.52,0.414,2.191206505010656,S
13.55,0.278,1.8007192105995269,S
13.65,0.422,1.7332471981603867,S
12.97,0.142,1.6443107256159148,L
14.47,0.366,1.4214201630952648,S
13.45,0.061,1.519928873427396,C
13.07,0.265,3.1570429734362415,S
13.54,0.218,4.77912349311153,S
12.55,0.176,2.569247798221751,S
15.05,0.132,1.3589231643237587,S
13.18,0.316,1.4893472161759727,B
12.93,0.298,2.91235066461494,S
12.83,0.158,2.4060438013622756,S
13.84,0.4,1.6170091779304185,S
13.12,0.32,1.539701907749203,S
12.76,0.034,2.421256622711544,C
13.26,0.051,2.740840023925201,X
12.73,0.071,2.6823904543216326,C
14.12,0.301,2.2792141066708056,S
12.83,0.425,1.3452119160186606,R
12.11,0.081,2.036599278624025,B
11.95,0.222,2.9787488685135775,S
12.99,0.388,1.5692407226826872,S
14.04,0.227,1.310034074398026,O
14.06,0.352,2.8119296204782382,S
14.03,0.283,1.8464938363281067,S
12.98,0.146,2.1712968968077835,S
12.79,0.27,1.5822722443613308,S
11.56,0.202,2.372111155642656,B
13.56,0.383,1.8190957387475701,S
13.29,0.288,4.5031374604229395,S
12.24,0.154,2.5717263417405607,B
12.87,0.393,1.8980695339214695,V
14.66,0.528,1.3994573476461716,S
16.1,0.182,1.305680657125645,S
12.14,0.21,1.5164450455849356,X
13.63,0.215,2.2040898462449463,S
13.12,0.057,3.2371085931292605,C
12.45,0.123,2.73696154459663,B
13.24,0.041,1.5690741462445392,C
13.36,0.07,2.9699015135194693,B
13.43,0.092,2.995732273553991,C
12.94,0.284,4.4790399088438795,S
12.81,0.101,4.008205531900178,S
12.33,0.299,1.5991855359697489,S
14.4,0.533,1.2666095181739108,S
12.97,0.036,3.079641343361097,C
11.8,0.056,3.269568939183719,C
12.92,0.272,1.3748794583045922,S
13.01,0.101,2.838200885567255,X
13.42,0.364,1.3029127521808397,S
12.49,0.222,1.4619119075784792,L
13.79,0.381,1.4350845252893227,S
12.69,0.269,2.734497371117058,S
13.46,0.112,2.0739037363014003,C
12.04,0.324,1.4405457759518066,S
13.89,0.32,1.8004218423067078,S
12.74,0.162,2.1381301730284488,X
17.36,0.48,1.8464843689173016,V
12.32,0.328,1.5429775457338306,S
14.04,0.291,6.037870919922137,A
15.51,0.223,1.4350607154820618,U
12.3,0.297,1.9662728435741978,S
11.74,0.24,1.4788735424129837,S
13.28,0.041,1.791759469228055,B
14.94,0.36,4.343805421853684,X
12.99,0.297,1.6195525862178728,S
15.96,0.331,1.2992648021467876,Q
14.99,0.156,1.7841136476191657,S
13.77,0.411,2.4501426573516603,S
15.1,0.14,1.2734055790412728,S
12.36,0.306,1.6932274381637837,S
12.34,0.401,1.3264700439742247,S
13.82,0.285,2.07493138620195,S
12.9,0.353,4.380149874661021,S
13.26,0.444,1.3077975412791345,S
14.01,0.066,2.091589950039156,C
12.41,0.399,1.6172076496984609,C
12.8,0.082,2.080353625604804,C
14.08,0.227,1.3180422866036663,S
19.22,0.151,1.9496175538436353,Q
12.73,0.151,1.8562979903656263,B
12.88,0.072,2.7156876282314215,C
12.96,0.03,4.738826570800765,C
16.82,0.158,1.268861264227795,V
13.3,0.052,3.372722458478092,C
13.1,0.143,1.3571229838196106,K
12.78,0.188,2.145988591248037,S
13.24,0.299,2.6790881541001665,S
13.26,0.165,1.2354569363959536,S
16.96,0.235,1.6505030773860294,S
12.95,0.414,1.3517029163502716,S
13.15,0.065,2.309203145295621,C
16.58,0.277,1.280906067298477,S
13.37,0.053,3.301406511875851,C
12.88,0.221,3.452524008827496,S
12.81,0.419,2.5494451709255714,S
17.34,0.075,1.2207119203302124,S
15.19,0.257,1.205072199769237,U
15.24,0.452,1.319352955366009,V
13.34,0.076,2.580216829592325,C
15.93,0.154,3.216833741233976,O
13.24,0.181,5.637891928833916,S
16.47,0.217,1.7655865949240317,U
14.84,0.155,4.585987366571318,S
12.8,0.036,3.17242971126439,C
6.55,0.045,2.079941416721487,D
13.8,0.114,1.557934069566985,K
13.37,0.21,1.3739687114292538,S
15.17,0.19,2.2508495955859917,K
16.36,0.318,3.6788291182604347,S
15.22,0.112,2.0154362117039235,S
18.38,0.142,4.30406509320417,S
12.95,0.075,3.0780493160432045,X
12.95,0.04,2.882059529065415,X
17.87,0.511,3.5451245504687985,S
18.77,0.14,1.1820338968071822,C
16.86,0.02,5.190175207928333,C
15.75,0.22,2.3365033111975064,S
16.87,0.037,2.8619151258196514,X
17.0,0.34,2.043036859786036,S
13.85,0.123,1.8426109993854884,S
16.75,0.052,1.7781675157085879,B
16.85,0.408,1.2874680068129958,S
17.01,0.772,1.4490343909410766,X
16.3,0.089,1.8890374086925255,L
15.54,0.214,1.7845166364584706,S
16.61,0.244,2.394069783116224,S
16.16,0.376,3.851848282392076,S
19.62,0.033,2.168596452990729,B
19.09,0.042,4.02535169073515,C
15.42,0.168,3.018031781048758,S
18.1,0.32,3.3700506526653187,S
17.07,0.056,2.1591534254063953,K
20.27,0.095,2.0199568948449436,X
15.95,0.14,4.81380905109942,Q
17.35,0.098,1.9960599327407849,S
17.48,0.301,1.392251581594017,S
15.8,0.246,3.7269697208610713,S
19.09,0.35,3.4518904959776733,S
16.34,0.163,1.9972820117848622,S
16.63,0.234,1.2023715229589622,S
20.21,0.044,1.666963336695262,B
16.76,0.411,1.275362800412609,S
16.72,0.027,1.5953389880545987,X
16.06,0.373,3.8918202981106265,Q
19.18,0.52,1.8256776874315157,S
19.71,0.287,3.4965075614664802,X
16.55,0.022,4.836281906951478,C
16.3,0.237,1.6364108499355265,Q
19.3,0.129,1.795419430059542,X
18.78,0.25,2.244955980157409,S
19.55,0.045,2.1555480511410834,C
18.59,0.115,2.34784522439891,O
19.97,0.173,1.235180731450129,C
18.16,0.161,4.23410650459726,T
18.31,0.072,1.5247946383649957,C
18.34,0.055,2.054380111084465,X
16.95,0.353,1.998773638612381,S
18.51,0.21,1.5375121728625116,S
17.2,0.383,1.463023893978564,Q
19.21,0.11,1.8115620965242347,X
17.64,0.223,1.2582621061976473,S
14.38,0.181,1.7579441207333244,X
16.94,0.301,2.0240609583270306,S
21.6,0.143,1.2365464747574237,Q
20.1,0.023,1.308332819650179,X
